"slope","disp","mutsd","patch_sd","ac","draw","base","persist"
0.6,1.5,0,0,0,0,2170.5,0
0.8,1.5,0,0,0,0,1722,0.2
1,1.5,0,0,0,0,1181,0.3
0.6,3,0,0,0,0,1894.5,0.4
0.8,3,0,0,0,0,1365,0.74
1,3,0,0,0,0,774,0.84
0.6,6,0,0,0,0,930.5,0.96
0.8,6,0,0,0,0,240,0.12
1,6,0,0,0,0,150.5,0.04
0.6,1.5,0.75,0,0,0,1994,0.14
0.8,1.5,0.75,0,0,0,1657.5,0.36
1,1.5,0.75,0,0,0,1258.5,0.32
0.6,3,0.75,0,0,0,1810,0.5
0.8,3,0.75,0,0,0,1362,0.82
1,3,0.75,0,0,0,872.5,0.92
0.6,6,0.75,0,0,0,911,0.98
0.8,6,0.75,0,0,0,250,0.52
1,6,0.75,0,0,0,117,0.06
0.6,1.5,0,1,0,0,1788.5,0.06
0.8,1.5,0,1,0,0,1338,0.32
1,1.5,0,1,0,0,794,0.28
0.6,3,0,1,0,0,1660,0.52
0.8,3,0,1,0,0,1180,0.78
1,3,0,1,0,0,620,0.84
0.6,6,0,1,0,0,817,0.98
0.8,6,0,1,0,0,194,0.12
1,6,0,1,0,0,129.5,0.08
0.6,1.5,0.75,1,0,0,1647,0.24
0.8,1.5,0.75,1,0,0,1324,0.3
1,1.5,0.75,1,0,0,896.5,0.4
0.6,3,0.75,1,0,0,1592,0.64
0.8,3,0.75,1,0,0,1173.5,0.88
1,3,0.75,1,0,0,709.5,0.92
0.6,6,0.75,1,0,0,809.5,1
0.8,6,0.75,1,0,0,197.5,0.32
1,6,0.75,1,0,0,98,0.08
0.6,1.5,0,2,0,0,869.5,0.12
0.8,1.5,0,2,0,0,433,0.04
0.6,3,0,2,0,0,1162,0.8
0.8,3,0,2,0,0,718.5,0.8
1,3,0,2,0,0,230,0.34
0.6,6,0,2,0,0,527,0.94
0.8,6,0,2,0,0,132,0.02
1,6,0,2,0,0,90.5,0.06
0.6,1.5,0.75,2,0,0,815,0.34
0.8,1.5,0.75,2,0,0,412.5,0.16
0.6,3,0.75,2,0,0,1109,0.86
0.8,3,0.75,2,0,0,733,0.92
1,3,0.75,2,0,0,248.5,0.52
0.6,6,0.75,2,0,0,535.5,0.98
0.8,6,0.75,2,0,0,114,0.12
0.6,1.5,0,1,2,0,2001.5,0.08
0.8,1.5,0,1,2,0,1562,0.22
1,1.5,0,1,2,0,1046.5,0.38
0.6,3,0,1,2,0,1804,0.6
0.8,3,0,1,2,0,1296.5,0.82
1,3,0,1,2,0,727.5,0.86
0.6,6,0,1,2,0,874.5,1
0.8,6,0,1,2,0,260.5,0.46
1,6,0,1,2,0,145,0
0.6,1.5,0.75,1,2,0,1835,0.2
0.8,1.5,0.75,1,2,0,1504.5,0.3
1,1.5,0.75,1,2,0,1127.5,0.42
0.6,3,0.75,1,2,0,1706,0.7
0.8,3,0.75,1,2,0,1272.5,0.8
1,3,0.75,1,2,0,827.5,0.92
0.6,6,0.75,1,2,0,870.5,0.98
0.8,6,0.75,1,2,0,264.5,0.7
1,6,0.75,1,2,0,111,0.04
0.6,1.5,0,2,2,0,1669,0.2
0.8,1.5,0,2,2,0,1256.5,0.34
1,1.5,0,2,2,0,789,0.4
0.6,3,0,2,2,0,1559,0.72
0.8,3,0,2,2,0,1119,0.9
1,3,0,2,2,0,628.5,0.78
0.6,6,0,2,2,0,729,1
0.8,6,0,2,2,0,239,0.44
1,6,0,2,2,0,100,0.02
0.6,1.5,0.75,2,2,0,1510.5,0.3
0.8,1.5,0.75,2,2,0,1232,0.42
1,1.5,0.75,2,2,0,845.5,0.44
0.6,3,0.75,2,2,0,1461.5,0.76
0.8,3,0.75,2,2,0,1108.5,0.9
1,3,0.75,2,2,0,669,0.9
0.6,6,0.75,2,2,0,736.5,0.98
0.8,6,0.75,2,2,0,254,0.8
1,6,0.75,2,2,0,92,0.12
0.6,1.5,0,1,4,0,2146,0.04
0.8,1.5,0,1,4,0,1696,0.14
1,1.5,0,1,4,0,1155,0.28
0.6,3,0,1,4,0,1898.5,0.54
0.8,3,0,1,4,0,1346.5,0.7
1,3,0,1,4,0,745,0.82
0.6,6,0,1,4,0,908,1
0.8,6,0,1,4,0,264.5,0.42
1,6,0,1,4,0,145,0
0.6,1.5,0.75,1,4,0,1982.5,0.1
0.8,1.5,0.75,1,4,0,1652,0.26
1,1.5,0.75,1,4,0,1252.5,0.42
0.6,3,0.75,1,4,0,1807.5,0.68
0.8,3,0.75,1,4,0,1354.5,0.9
1,3,0.75,1,4,0,864,0.94
0.6,6,0.75,1,4,0,907,0.96
0.8,6,0.75,1,4,0,308,0.84
1,6,0.75,1,4,0,124,0.08
0.6,1.5,0,2,4,0,2125,0.06
0.8,1.5,0,2,4,0,1657.5,0.22
1,1.5,0,2,4,0,1123,0.36
0.6,3,0,2,4,0,1881,0.64
0.8,3,0,2,4,0,1342.5,0.74
1,3,0,2,4,0,780.5,0.78
0.6,6,0,2,4,0,945,0.96
0.8,6,0,2,4,0,330.5,0.76
1,6,0,2,4,0,103.5,0.02
0.6,1.5,0.75,2,4,0,1957.5,0.14
0.8,1.5,0.75,2,4,0,1633.5,0.2
1,1.5,0.75,2,4,0,1225.5,0.32
0.6,3,0.75,2,4,0,1796.5,0.6
0.8,3,0.75,2,4,0,1337,0.84
1,3,0.75,2,4,0,868,0.9
0.6,6,0.75,2,4,0,943,1
0.8,6,0.75,2,4,0,382,0.9
1,6,0.75,2,4,0,86,0.08
0.6,1.5,0,0,0,1,2162.5,0.02
0.8,1.5,0,0,0,1,1708,0.14
1,1.5,0,0,0,1,1172,0.38
0.6,3,0,0,0,1,1896.5,0.56
0.8,3,0,0,0,1,1361,0.76
1,3,0,0,0,1,760,0.88
0.6,6,0,0,0,1,929.5,0.98
0.8,6,0,0,0,1,233.5,0.22
1,6,0,0,0,1,157.5,0.02
0.6,1.5,0.75,0,0,1,2007,0.14
0.8,1.5,0.75,0,0,1,1666.5,0.2
1,1.5,0.75,0,0,1,1282,0.4
0.6,3,0.75,0,0,1,1816,0.52
0.8,3,0.75,0,0,1,1355.5,0.82
1,3,0.75,0,0,1,882.5,0.92
0.6,6,0.75,0,0,1,930,0.98
0.8,6,0.75,0,0,1,254.5,0.66
1,6,0.75,0,0,1,122.5,0.1
0.6,1.5,0,1,0,1,1795,0.08
0.8,1.5,0,1,0,1,1363.5,0.18
1,1.5,0,1,0,1,810,0.26
0.6,3,0,1,0,1,1674.5,0.56
0.8,3,0,1,0,1,1182.5,0.86
1,3,0,1,0,1,641,0.86
0.6,6,0,1,0,1,814.5,1
0.8,6,0,1,0,1,211,0.02
1,6,0,1,0,1,137,0.06
0.6,1.5,0.75,1,0,1,1660,0.24
0.8,1.5,0.75,1,0,1,1341,0.36
1,1.5,0.75,1,0,1,904,0.36
0.6,3,0.75,1,0,1,1608.5,0.58
0.8,3,0.75,1,0,1,1173,0.92
1,3,0.75,1,0,1,701,0.86
0.6,6,0.75,1,0,1,815.5,0.98
0.8,6,0.75,1,0,1,194,0.48
1,6,0.75,1,0,1,107,0.04
0.6,1.5,0,2,0,1,889.5,0.2
0.8,1.5,0,2,0,1,432,0.12
0.6,3,0,2,0,1,1158.5,0.66
0.8,3,0,2,0,1,726.5,0.86
1,3,0,2,0,1,251,0.36
0.6,6,0,2,0,1,533.5,0.92
0.8,6,0,2,0,1,136,0.1
1,6,0,2,0,1,86.5,0.0416666666666667
0.6,1.5,0.75,2,0,1,821.5,0.24
0.8,1.5,0.75,2,0,1,396.5,0.2
0.6,3,0.75,2,0,1,1105.5,0.84
0.8,3,0.75,2,0,1,735,0.86
1,3,0.75,2,0,1,280,0.52
0.6,6,0.75,2,0,1,523.5,0.98
0.8,6,0.75,2,0,1,117.5,0.2
0.6,1.5,0,1,2,1,1989.5,0.08
0.8,1.5,0,1,2,1,1545.5,0.18
1,1.5,0,1,2,1,1041.5,0.3
0.6,3,0,1,2,1,1789,0.58
0.8,3,0,1,2,1,1276,0.82
1,3,0,1,2,1,743,0.88
0.6,6,0,1,2,1,885,1
0.8,6,0,1,2,1,264,0.4
1,6,0,1,2,1,146.5,0
0.6,1.5,0.75,1,2,1,1840,0.18
0.8,1.5,0.75,1,2,1,1534.5,0.3
1,1.5,0.75,1,2,1,1139,0.3
0.6,3,0.75,1,2,1,1703.5,0.8
0.8,3,0.75,1,2,1,1281,0.9
1,3,0.75,1,2,1,818,0.9
0.6,6,0.75,1,2,1,882,1
0.8,6,0.75,1,2,1,257,0.52
1,6,0.75,1,2,1,121.5,0.1
0.6,1.5,0,2,2,1,1598,0.28
0.8,1.5,0,2,2,1,1179,0.32
1,1.5,0,2,2,1,722,0.18
0.6,3,0,2,2,1,1516.5,0.82
0.8,3,0,2,2,1,1078.5,0.84
1,3,0,2,2,1,571,0.76
0.6,6,0,2,2,1,738,1
0.8,6,0,2,2,1,217.5,0.1
1,6,0,2,2,1,114,0.04
0.6,1.5,0.75,2,2,1,1497,0.26
0.8,1.5,0.75,2,2,1,1181,0.44
1,1.5,0.75,2,2,1,811,0.48
0.6,3,0.75,2,2,1,1448,0.74
0.8,3,0.75,2,2,1,1077,0.9
1,3,0.75,2,2,1,660.5,0.88
0.6,6,0.75,2,2,1,738.5,0.98
0.8,6,0.75,2,2,1,225.5,0.42
1,6,0.75,2,2,1,97,0.0612244897959184
0.6,1.5,0,1,4,1,2142,0.04
0.8,1.5,0,1,4,1,1695.5,0.16
1,1.5,0,1,4,1,1146,0.2
0.6,3,0,1,4,1,1885,0.48
0.8,3,0,1,4,1,1352,0.78
1,3,0,1,4,1,766,0.88
0.6,6,0,1,4,1,917.5,1
0.8,6,0,1,4,1,258,0.38
1,6,0,1,4,1,118,0.02
0.6,1.5,0.75,1,4,1,1991,0.1
0.8,1.5,0.75,1,4,1,1645.5,0.3
1,1.5,0.75,1,4,1,1252,0.4
0.6,3,0.75,1,4,1,1808.5,0.5
0.8,3,0.75,1,4,1,1347.5,0.88
1,3,0.75,1,4,1,866.5,0.9
0.6,6,0.75,1,4,1,928,1
0.8,6,0.75,1,4,1,303,0.78
1,6,0.75,1,4,1,108,0.06
0.6,1.5,0,2,4,1,2093.5,0.08
0.8,1.5,0,2,4,1,1635,0.18
1,1.5,0,2,4,1,1110,0.34
0.6,3,0,2,4,1,1848.5,0.6
0.8,3,0,2,4,1,1313,0.8
1,3,0,2,4,1,740,0.9
0.6,6,0,2,4,1,895,1
0.8,6,0,2,4,1,271.5,0.38
1,6,0,2,4,1,84.5,0.06
0.6,1.5,0.75,2,4,1,1952,0.12
0.8,1.5,0.75,2,4,1,1611.5,0.26
1,1.5,0.75,2,4,1,1239.5,0.32
0.6,3,0.75,2,4,1,1786.5,0.64
0.8,3,0.75,2,4,1,1339.5,0.8
1,3,0.75,2,4,1,844,0.92
0.6,6,0.75,2,4,1,903,0.98
0.8,6,0.75,2,4,1,315,0.84
1,6,0.75,2,4,1,75,0.08
0.6,1.5,0,0,0,2,2146.5,0
0.8,1.5,0,0,0,2,1704,0.14
1,1.5,0,0,0,2,1153.5,0.34
0.6,3,0,0,0,2,1892.5,0.54
0.8,3,0,0,0,2,1361,0.74
1,3,0,0,0,2,767,0.82
0.6,6,0,0,0,2,932.5,0.98
0.8,6,0,0,0,2,249.5,0.18
1,6,0,0,0,2,151,0.02
0.6,1.5,0.75,0,0,2,1993,0.14
0.8,1.5,0.75,0,0,2,1649,0.26
1,1.5,0.75,0,0,2,1267.5,0.34
0.6,3,0.75,0,0,2,1818.5,0.52
0.8,3,0.75,0,0,2,1339,0.84
1,3,0.75,0,0,2,868.5,0.92
0.6,6,0.75,0,0,2,927.5,0.98
0.8,6,0.75,0,0,2,263.5,0.62
1,6,0.75,0,0,2,123,0.08
0.6,1.5,0,1,0,2,1811.5,0.12
0.8,1.5,0,1,0,2,1363.5,0.22
1,1.5,0,1,0,2,814.5,0.2
0.6,3,0,1,0,2,1681,0.58
0.8,3,0,1,0,2,1171,0.84
1,3,0,1,0,2,644,0.88
0.6,6,0,1,0,2,836,1
0.8,6,0,1,0,2,207.5,0.12
1,6,0,1,0,2,130.5,0
0.6,1.5,0.75,1,0,2,1651.5,0.18
0.8,1.5,0.75,1,0,2,1325,0.32
1,1.5,0.75,1,0,2,882,0.38
0.6,3,0.75,1,0,2,1604.5,0.62
0.8,3,0.75,1,0,2,1173,0.86
1,3,0.75,1,0,2,706.5,0.84
0.6,6,0.75,1,0,2,815.5,1
0.8,6,0.75,1,0,2,210.5,0.42
1,6,0.75,1,0,2,107,0.06
0.6,1.5,0,2,0,2,886.5,0.18
0.8,1.5,0,2,0,2,425,0.08
0.6,3,0,2,0,2,1154,0.72
0.8,3,0,2,0,2,722.5,0.86
1,3,0,2,0,2,265.5,0.22
0.6,6,0,2,0,2,548.5,0.94
0.8,6,0,2,0,2,155.5,0.06
1,6,0,2,0,2,95,0.06
0.6,1.5,0.75,2,0,2,825,0.26
0.8,1.5,0.75,2,0,2,404.5,0.22
0.6,3,0.75,2,0,2,1114,0.8
0.8,3,0.75,2,0,2,759,0.88
1,3,0.75,2,0,2,283.5,0.54
0.6,6,0.75,2,0,2,545,0.98
0.8,6,0.75,2,0,2,132,0.16
0.6,1.5,0,1,2,2,2007.5,0.12
0.8,1.5,0,1,2,2,1575.5,0.24
1,1.5,0,1,2,2,1071.5,0.38
0.6,3,0,1,2,2,1788,0.62
0.8,3,0,1,2,2,1285,0.92
1,3,0,1,2,2,738,0.9
0.6,6,0,1,2,2,889,1
0.8,6,0,1,2,2,259.5,0.28
1,6,0,1,2,2,132.5,0
0.6,1.5,0.75,1,2,2,1842,0.18
0.8,1.5,0.75,1,2,2,1525.5,0.34
1,1.5,0.75,1,2,2,1126,0.36
0.6,3,0.75,1,2,2,1712,0.62
0.8,3,0.75,1,2,2,1287.5,0.82
1,3,0.75,1,2,2,843,0.98
0.6,6,0.75,1,2,2,891.5,1
0.8,6,0.75,1,2,2,281.5,0.72
1,6,0.75,1,2,2,113,0.1
0.6,1.5,0,2,2,2,1531,0.22
0.8,1.5,0,2,2,2,1142.5,0.34
1,1.5,0,2,2,2,702,0.36
0.6,3,0,2,2,2,1498,0.84
0.8,3,0,2,2,2,1066,0.96
1,3,0,2,2,2,601,0.88
0.6,6,0,2,2,2,754.5,1
0.8,6,0,2,2,2,240.5,0.06
1,6,0,2,2,2,69,0
0.6,1.5,0.75,2,2,2,1398.5,0.38
0.8,1.5,0.75,2,2,2,1112.5,0.46
1,1.5,0.75,2,2,2,732,0.46
0.6,3,0.75,2,2,2,1420,0.86
0.8,3,0.75,2,2,2,1051,0.9
1,3,0.75,2,2,2,637.5,0.92
0.6,6,0.75,2,2,2,731.5,1
0.8,6,0.75,2,2,2,238,0.66
1,6,0.75,2,2,2,61,0.0208333333333333
0.6,1.5,0,1,4,2,2147,0.08
0.8,1.5,0,1,4,2,1683.5,0.16
1,1.5,0,1,4,2,1173.5,0.34
0.6,3,0,1,4,2,1886.5,0.56
0.8,3,0,1,4,2,1352.5,0.74
1,3,0,1,4,2,779,0.86
0.6,6,0,1,4,2,931,1
0.8,6,0,1,4,2,279.5,0.26
1,6,0,1,4,2,138,0.02
0.6,1.5,0.75,1,4,2,1999.5,0.16
0.8,1.5,0.75,1,4,2,1662.5,0.2
1,1.5,0.75,1,4,2,1245,0.34
0.6,3,0.75,1,4,2,1818.5,0.5
0.8,3,0.75,1,4,2,1340,0.76
1,3,0.75,1,4,2,859.5,0.92
0.6,6,0.75,1,4,2,921.5,1
0.8,6,0.75,1,4,2,303,0.76
1,6,0.75,1,4,2,110.5,0.12
0.6,1.5,0,2,4,2,2071.5,0.1
0.8,1.5,0,2,4,2,1601,0.24
1,1.5,0,2,4,2,1113,0.24
0.6,3,0,2,4,2,1815.5,0.68
0.8,3,0,2,4,2,1292.5,0.8
1,3,0,2,4,2,779.5,0.86
0.6,6,0,2,4,2,920.5,0.94
0.8,6,0,2,4,2,356.5,0.8
1,6,0,2,4,2,115.5,0.04
0.6,1.5,0.75,2,4,2,1906.5,0.18
0.8,1.5,0.75,2,4,2,1595.5,0.28
1,1.5,0.75,2,4,2,1223,0.34
0.6,3,0.75,2,4,2,1757,0.74
0.8,3,0.75,2,4,2,1313.5,0.92
1,3,0.75,2,4,2,847.5,0.9
0.6,6,0.75,2,4,2,905,1
0.8,6,0.75,2,4,2,381.5,0.88
1,6,0.75,2,4,2,109.5,0.2
0.6,1.5,0,0,0,3,2169,0
0.8,1.5,0,0,0,3,1706.5,0.16
1,1.5,0,0,0,3,1167,0.32
0.6,3,0,0,0,3,1902,0.44
0.8,3,0,0,0,3,1363,0.8
1,3,0,0,0,3,775.5,0.84
0.6,6,0,0,0,3,925,1
0.8,6,0,0,0,3,231.5,0.04
1,6,0,0,0,3,154.5,0.02
0.6,1.5,0.75,0,0,3,2005.5,0.16
0.8,1.5,0.75,0,0,3,1664.5,0.26
1,1.5,0.75,0,0,3,1263,0.44
0.6,3,0.75,0,0,3,1809.5,0.56
0.8,3,0.75,0,0,3,1346.5,0.76
1,3,0.75,0,0,3,865,0.9
0.6,6,0.75,0,0,3,920,1
0.8,6,0.75,0,0,3,239.5,0.56
1,6,0.75,0,0,3,126.5,0.08
0.6,1.5,0,1,0,3,1777,0.08
0.8,1.5,0,1,0,3,1334.5,0.18
1,1.5,0,1,0,3,811.5,0.32
0.6,3,0,1,0,3,1666.5,0.62
0.8,3,0,1,0,3,1160,0.78
1,3,0,1,0,3,614,0.84
0.6,6,0,1,0,3,821.5,1
0.8,6,0,1,0,3,207,0.1
1,6,0,1,0,3,132,0.06
0.6,1.5,0.75,1,0,3,1644,0.2
0.8,1.5,0.75,1,0,3,1325,0.38
1,1.5,0.75,1,0,3,914,0.44
0.6,3,0.75,1,0,3,1597.5,0.6
0.8,3,0.75,1,0,3,1180.5,0.84
1,3,0.75,1,0,3,709,0.86
0.6,6,0.75,1,0,3,804,0.96
0.8,6,0.75,1,0,3,196,0.46
1,6,0.75,1,0,3,103.5,0.08
0.6,1.5,0,2,0,3,878.5,0.18
0.8,1.5,0,2,0,3,399.5,0.08
0.6,3,0,2,0,3,1139.5,0.8
0.8,3,0,2,0,3,717.5,0.92
1,3,0,2,0,3,227.5,0.26
0.6,6,0,2,0,3,517.5,0.94
0.8,6,0,2,0,3,121,0.04
1,6,0,2,0,3,77,0.0204081632653061
0.6,1.5,0.75,2,0,3,805.5,0.24
0.8,1.5,0.75,2,0,3,398,0.2
0.6,3,0.75,2,0,3,1108,0.86
0.8,3,0.75,2,0,3,715,0.9
1,3,0.75,2,0,3,256.5,0.48
0.6,6,0.75,2,0,3,521,1
0.8,6,0.75,2,0,3,105.5,0.12
0.6,1.5,0,1,2,3,1985,0.1
0.8,1.5,0,1,2,3,1512.5,0.26
1,1.5,0,1,2,3,1023,0.34
0.6,3,0,1,2,3,1773,0.62
0.8,3,0,1,2,3,1280.5,0.84
1,3,0,1,2,3,724.5,0.82
0.6,6,0,1,2,3,900.5,1
0.8,6,0,1,2,3,255,0.48
1,6,0,1,2,3,139.5,0.04
0.6,1.5,0.75,1,2,3,1824.5,0.26
0.8,1.5,0.75,1,2,3,1529,0.3
1,1.5,0.75,1,2,3,1124.5,0.36
0.6,3,0.75,1,2,3,1702,0.68
0.8,3,0.75,1,2,3,1276.5,0.9
1,3,0.75,1,2,3,804,0.94
0.6,6,0.75,1,2,3,876,1
0.8,6,0.75,1,2,3,267.5,0.64
1,6,0.75,1,2,3,117.5,0.12
0.6,1.5,0,2,2,3,1651.5,0.14
0.8,1.5,0,2,2,3,1255,0.38
1,1.5,0,2,2,3,791,0.3
0.6,3,0,2,2,3,1561.5,0.7
0.8,3,0,2,2,3,1104.5,0.92
1,3,0,2,2,3,629.5,0.88
0.6,6,0,2,2,3,780.5,1
0.8,6,0,2,2,3,248,0.36
1,6,0,2,2,3,69.5,0.0416666666666667
0.6,1.5,0.75,2,2,3,1543,0.28
0.8,1.5,0.75,2,2,3,1234.5,0.4
1,1.5,0.75,2,2,3,860,0.4
0.6,3,0.75,2,2,3,1486,0.82
0.8,3,0.75,2,2,3,1111.5,0.9
1,3,0.75,2,2,3,701,0.96
0.6,6,0.75,2,2,3,771,1
0.8,6,0.75,2,2,3,237,0.68
1,6,0.75,2,2,3,45,0.0487804878048781
0.6,1.5,0,1,4,3,2123,0.04
0.8,1.5,0,1,4,3,1675,0.18
1,1.5,0,1,4,3,1134,0.3
0.6,3,0,1,4,3,1881,0.46
0.8,3,0,1,4,3,1354,0.8
1,3,0,1,4,3,774,0.8
0.6,6,0,1,4,3,905,1
0.8,6,0,1,4,3,232,0.28
1,6,0,1,4,3,136.5,0.02
0.6,1.5,0.75,1,4,3,1984,0.16
0.8,1.5,0.75,1,4,3,1650,0.22
1,1.5,0.75,1,4,3,1271,0.4
0.6,3,0.75,1,4,3,1795,0.56
0.8,3,0.75,1,4,3,1339,0.86
1,3,0.75,1,4,3,869,0.9
0.6,6,0.75,1,4,3,922,1
0.8,6,0.75,1,4,3,273.5,0.52
1,6,0.75,1,4,3,115.5,0.06
0.6,1.5,0,2,4,3,2079,0.04
0.8,1.5,0,2,4,3,1639,0.12
1,1.5,0,2,4,3,1132.5,0.3
0.6,3,0,2,4,3,1827.5,0.62
0.8,3,0,2,4,3,1313,0.8
1,3,0,2,4,3,757,0.82
0.6,6,0,2,4,3,886,0.98
0.8,6,0,2,4,3,284.5,0.44
1,6,0,2,4,3,109.5,0.04
0.6,1.5,0.75,2,4,3,1929.5,0.22
0.8,1.5,0.75,2,4,3,1589,0.26
1,1.5,0.75,2,4,3,1227.5,0.42
0.6,3,0.75,2,4,3,1767,0.66
0.8,3,0.75,2,4,3,1303.5,0.82
1,3,0.75,2,4,3,854,0.9
0.6,6,0.75,2,4,3,898.5,1
0.8,6,0.75,2,4,3,353,0.78
1,6,0.75,2,4,3,100.5,0.04
0.6,1.5,0,0,0,4,2176,0.08
0.8,1.5,0,0,0,4,1694.5,0.18
1,1.5,0,0,0,4,1185,0.34
0.6,3,0,0,0,4,1894.5,0.52
0.8,3,0,0,0,4,1352.5,0.72
1,3,0,0,0,4,788,0.88
0.6,6,0,0,0,4,927.5,1
0.8,6,0,0,0,4,246,0.06
1,6,0,0,0,4,154,0.02
0.6,1.5,0.75,0,0,4,1994,0.12
0.8,1.5,0.75,0,0,4,1661.5,0.2
1,1.5,0.75,0,0,4,1263,0.4
0.6,3,0.75,0,0,4,1817.5,0.62
0.8,3,0.75,0,0,4,1352,0.82
1,3,0.75,0,0,4,861.5,1
0.6,6,0.75,0,0,4,914.5,1
0.8,6,0.75,0,0,4,265,0.5
1,6,0.75,0,0,4,121.5,0.12
0.6,1.5,0,1,0,4,1787,0.02
0.8,1.5,0,1,0,4,1331,0.24
1,1.5,0,1,0,4,803,0.3
0.6,3,0,1,0,4,1668,0.62
0.8,3,0,1,0,4,1179,0.8
1,3,0,1,0,4,606,0.9
0.6,6,0,1,0,4,805,1
0.8,6,0,1,0,4,204.5,0.14
1,6,0,1,0,4,130.5,0.04
0.6,1.5,0.75,1,0,4,1662,0.24
0.8,1.5,0.75,1,0,4,1341.5,0.3
1,1.5,0.75,1,0,4,915.5,0.28
0.6,3,0.75,1,0,4,1603.5,0.68
0.8,3,0.75,1,0,4,1178.5,0.9
1,3,0.75,1,0,4,704.5,0.82
0.6,6,0.75,1,0,4,800.5,1
0.8,6,0.75,1,0,4,204.5,0.38
1,6,0.75,1,0,4,99.5,0.08
0.6,1.5,0,2,0,4,869,0.12
0.8,1.5,0,2,0,4,402,0.1
0.6,3,0,2,0,4,1133,0.74
0.8,3,0,2,0,4,692,0.88
1,3,0,2,0,4,232.5,0.24
0.6,6,0,2,0,4,506,0.96
0.8,6,0,2,0,4,124.5,0.04
1,6,0,2,0,4,78,0
0.6,1.5,0.75,2,0,4,830.5,0.26
0.8,1.5,0.75,2,0,4,438,0.22
0.6,3,0.75,2,0,4,1111.5,0.84
0.8,3,0.75,2,0,4,726.5,0.88
1,3,0.75,2,0,4,239.5,0.5
0.6,6,0.75,2,0,4,526.5,0.98
0.8,6,0.75,2,0,4,101.5,0.12
0.6,1.5,0,1,2,4,2044,0.04
0.8,1.5,0,1,2,4,1591.5,0.24
1,1.5,0,1,2,4,1090,0.3
0.6,3,0,1,2,4,1806.5,0.58
0.8,3,0,1,2,4,1294.5,0.76
1,3,0,1,2,4,750,0.84
0.6,6,0,1,2,4,885,1
0.8,6,0,1,2,4,248.5,0.34
1,6,0,1,2,4,141.5,0
0.6,1.5,0.75,1,2,4,1887,0.2
0.8,1.5,0.75,1,2,4,1557.5,0.32
1,1.5,0.75,1,2,4,1186.5,0.52
0.6,3,0.75,1,2,4,1731,0.6
0.8,3,0.75,1,2,4,1295,0.86
1,3,0.75,1,2,4,830.5,0.88
0.6,6,0.75,1,2,4,891.5,1
0.8,6,0.75,1,2,4,259.5,0.64
1,6,0.75,1,2,4,118,0.1
0.6,1.5,0,2,2,4,1578.5,0.24
0.8,1.5,0,2,2,4,1160.5,0.38
1,1.5,0,2,2,4,735,0.28
0.6,3,0,2,2,4,1502,0.8
0.8,3,0,2,2,4,1075,0.94
1,3,0,2,2,4,604,0.86
0.6,6,0,2,2,4,697.5,0.98
0.8,6,0,2,2,4,225.5,0.24
1,6,0,2,2,4,107.5,0.04
0.6,1.5,0.75,2,2,4,1423.5,0.3
0.8,1.5,0.75,2,2,4,1137,0.42
1,1.5,0.75,2,2,4,782.5,0.46
0.6,3,0.75,2,2,4,1421,0.8
0.8,3,0.75,2,2,4,1062,0.94
1,3,0.75,2,2,4,664,0.92
0.6,6,0.75,2,2,4,722.5,1
0.8,6,0.75,2,2,4,245,0.62
1,6,0.75,2,2,4,80,0.0408163265306122
0.6,1.5,0,1,4,4,2174,0.08
0.8,1.5,0,1,4,4,1690.5,0.12
1,1.5,0,1,4,4,1167.5,0.28
0.6,3,0,1,4,4,1885,0.52
0.8,3,0,1,4,4,1337,0.82
1,3,0,1,4,4,748,0.74
0.6,6,0,1,4,4,931,0.98
0.8,6,0,1,4,4,286,0.32
1,6,0,1,4,4,175.5,0
0.6,1.5,0.75,1,4,4,1999,0.08
0.8,1.5,0.75,1,4,4,1671,0.38
1,1.5,0.75,1,4,4,1252,0.42
0.6,3,0.75,1,4,4,1822,0.58
0.8,3,0.75,1,4,4,1344,0.84
1,3,0.75,1,4,4,860,0.92
0.6,6,0.75,1,4,4,914.5,0.98
0.8,6,0.75,1,4,4,300,0.62
1,6,0.75,1,4,4,154,0.14
0.6,1.5,0,2,4,4,2112.5,0.06
0.8,1.5,0,2,4,4,1645.5,0.16
1,1.5,0,2,4,4,1123.5,0.32
0.6,3,0,2,4,4,1848,0.54
0.8,3,0,2,4,4,1315.5,0.76
1,3,0,2,4,4,767,0.86
0.6,6,0,2,4,4,875,0.96
0.8,6,0,2,4,4,314,0.66
1,6,0,2,4,4,116,0.06
0.6,1.5,0.75,2,4,4,1973,0.14
0.8,1.5,0.75,2,4,4,1641.5,0.28
1,1.5,0.75,2,4,4,1221,0.46
0.6,3,0.75,2,4,4,1774,0.66
0.8,3,0.75,2,4,4,1326,0.82
1,3,0.75,2,4,4,841,0.92
0.6,6,0.75,2,4,4,900.5,1
0.8,6,0.75,2,4,4,334,0.84
1,6,0.75,2,4,4,107.5,0.1
