"level","mean","se","factor","outcome"
1.5,0.0167891166660577,0.000427852426553784,"dispersal","resistance"
3,0.0704111601647257,0.00167501091913635,"dispersal","resistance"
6,0.125179772501641,0.00268561770554725,"dispersal","resistance"
1.5,0.512384896122883,0.0168704140941622,"dispersal","recovery"
3,0.607721180070305,0.01134363842177,"dispersal","recovery"
6,0.586615394246483,0.0112958752090745,"dispersal","recovery"
1.5,0.2436,0.0091401631595165,"dispersal","persistence"
3,0.764380952380952,0.00932746167284458,"dispersal","persistence"
6,0.495629887727449,0.0133852432932562,"dispersal","persistence"
0.6,0.0883775484649955,0.00279666679696185,"slope","resistance"
0.8,0.0709007396929612,0.00200968790880563,"slope","resistance"
1,0.0663042587386719,0.00244183597432333,"slope","resistance"
0.6,0.678509921981218,0.0126971978264849,"slope","recovery"
0.8,0.548047969137439,0.0117637959517907,"slope","recovery"
1,0.492622771674155,0.0129873621990148,"slope","recovery"
0.6,0.593619047619048,0.0130669488387067,"slope","persistence"
0.8,0.500190476190476,0.0115493624237558,"slope","persistence"
1,0.416123728123728,0.0127938646947139,"slope","persistence"
0,0.0707836399554125,0.00201502252182911,"mutation","resistance"
0.75,0.0803947342381883,0.00200358284092724,"mutation","resistance"
0,0.270497801741984,0.00499815581098016,"mutation","recovery"
0.75,0.851198363162422,0.00638990260966187,"mutation","recovery"
0,0.455440860215054,0.010338224155863,"mutation","persistence"
0.75,0.556253968253968,0.0102037378306477,"mutation","persistence"
0,0.0782960376944059,0.0041131582274353,"autocorrelation","resistance"
2,0.0756990836117673,0.00353862065807173,"autocorrelation","resistance"
4,0.0728339360157765,0.00362651671480426,"autocorrelation","resistance"
0,0.543468664073997,0.0194775616657309,"autocorrelation","recovery"
2,0.559211745067103,0.0185366106814607,"autocorrelation","recovery"
4,0.592200460491832,0.019985160807936,"autocorrelation","recovery"
0,0.466725925925926,0.0205072873429402,"autocorrelation","persistence"
2,0.563552028218695,0.0187662310154066,"autocorrelation","persistence"
4,0.531333333333333,0.019071259589786,"autocorrelation","persistence"
