"slope","disp","mutsd","patch_sd","ac","surv","n800","n1500","trend","klass"
0.6,1.5,0,0,0,1,2183,2151,-0.0146587265231333,"viable"
0.8,1.5,0,0,0,1,1722,1723,0.000580720092915215,"viable"
1,1.5,0,0,0,1,1189,1139,-0.0420521446593776,"viable"
1.2,1.5,0,0,0,1,405,270,-0.333333333333333,"declining"
0.6,3,0,0,0,1,1947,1858,-0.0457113507960966,"viable"
0.8,3,0,0,0,1,1336,1327,-0.00673652694610778,"viable"
1,3,0,0,0,1,741,692,-0.0661268556005398,"viable"
1.2,3,0,0,0,1,170,167,-0.0176470588235294,"viable"
0.6,6,0,0,0,1,916,918,0.00218340611353712,"viable"
0.8,6,0,0,0,1,214,208,-0.0280373831775701,"viable"
1,6,0,0,0,1,153,159,0.0392156862745098,"viable"
1.2,6,0,0,0,1,110,115,0.0454545454545455,"viable"
0.6,1.5,0.75,0,0,1,1985,1998,0.00654911838790932,"viable"
0.8,1.5,0.75,0,0,1,1656,1672,0.00966183574879227,"viable"
1,1.5,0.75,0,0,1,1254,1249,-0.00398724082934609,"viable"
1.2,1.5,0.75,0,0,1,689,746,0.0827285921625544,"viable"
0.6,3,0.75,0,0,1,1807,1836,0.0160486995019369,"viable"
0.8,3,0.75,0,0,1,1338,1344,0.00448430493273543,"viable"
1,3,0.75,0,0,1,901,873,-0.0310765815760266,"viable"
1.2,3,0.75,0,0,1,227,189,-0.167400881057269,"declining"
0.6,6,0.75,0,0,1,884,945,0.0690045248868778,"viable"
0.8,6,0.75,0,0,1,207,220,0.0628019323671498,"viable"
1,6,0.75,0,0,1,116,148,0.275862068965517,"viable"
1.2,6,0.75,0,0,1,93,79,-0.150537634408602,"declining"
0.6,1.5,0,1,0,1,1818,1790,-0.0154015401540154,"viable"
0.8,1.5,0,1,0,1,1331,1368,0.0277986476333584,"viable"
1,1.5,0,1,0,1,799,691,-0.135168961201502,"declining"
1.2,1.5,0,1,0,0.888888888888889,150,102,-0.32,"declining"
0.6,3,0,1,0,1,1649,1662,0.007883565797453,"viable"
0.8,3,0,1,0,1,1140,1134,-0.00526315789473684,"viable"
1,3,0,1,0,1,603,521,-0.135986733001658,"declining"
1.2,3,0,1,0,1,153,149,-0.0261437908496732,"viable"
0.6,6,0,1,0,1,815,772,-0.052760736196319,"viable"
0.8,6,0,1,0,1,183,181,-0.0109289617486339,"viable"
1,6,0,1,0,1,138,141,0.0217391304347826,"viable"
1.2,6,0,1,0,1,113,104,-0.079646017699115,"viable"
0.6,1.5,0.75,1,0,1,1675,1637,-0.0226865671641791,"viable"
0.8,1.5,0.75,1,0,1,1332,1311,-0.0157657657657658,"viable"
1,1.5,0.75,1,0,1,905,897,-0.00883977900552486,"viable"
1.2,1.5,0.75,1,0,1,248,183,-0.262096774193548,"declining"
0.6,3,0.75,1,0,1,1580,1588,0.00506329113924051,"viable"
0.8,3,0.75,1,0,1,1204,1173,-0.0257475083056478,"viable"
1,3,0.75,1,0,1,708,705,-0.00423728813559322,"viable"
1.2,3,0.75,1,0,1,118,132,0.11864406779661,"viable"
0.6,6,0.75,1,0,1,817,822,0.00611995104039168,"viable"
0.8,6,0.75,1,0,1,163,158,-0.0306748466257669,"viable"
1,6,0.75,1,0,1,91,90,-0.010989010989011,"viable"
1.2,6,0.75,1,0,0.555555555555556,46,47.5,0.0326086956521739,"non-viable"
0.6,1.5,0,2,0,1,829,809,-0.0241254523522316,"viable"
0.8,1.5,0,2,0,1,348,225,-0.353448275862069,"declining"
1,1.5,0,2,0,0.333333333333333,36.5,42,0.150684931506849,"non-viable"
1.2,1.5,0,2,0,0,2,NA,NA,"non-viable"
0.6,3,0,2,0,1,1110,1161,0.0459459459459459,"viable"
0.8,3,0,2,0,1,666,587,-0.118618618618619,"declining"
1,3,0,2,0,1,169,162,-0.0414201183431953,"viable"
1.2,3,0,2,0,0.777777777777778,62,55,-0.112903225806452,"non-viable"
0.6,6,0,2,0,1,517,481,-0.0696324951644101,"viable"
0.8,6,0,2,0,1,156,139,-0.108974358974359,"declining"
1,6,0,2,0,1,78,78,0,"viable"
1.2,6,0,2,0,0.625,53,42,-0.207547169811321,"non-viable"
0.6,1.5,0.75,2,0,1,831,836,0.00601684717208183,"viable"
0.8,1.5,0.75,2,0,1,358,410,0.145251396648045,"viable"
1,1.5,0.75,2,0,0.111111111111111,12,11,-0.0833333333333333,"non-viable"
1.2,1.5,0.75,2,0,0,12,NA,NA,"non-viable"
0.6,3,0.75,2,0,1,1151,1107,-0.0382276281494353,"viable"
0.8,3,0.75,2,0,1,783,756,-0.0344827586206897,"viable"
1,3,0.75,2,0,1,151,180,0.19205298013245,"viable"
1.2,3,0.75,2,0,0.333333333333333,31,40,0.290322580645161,"non-viable"
0.6,6,0.75,2,0,1,501,530,0.0578842315369262,"viable"
0.8,6,0.75,2,0,1,134,117,-0.126865671641791,"declining"
1,6,0.75,2,0,0.333333333333333,26,13.5,-0.480769230769231,"non-viable"
1.2,6,0.75,2,0,0.142857142857143,28,28,0,"non-viable"
0.6,1.5,0,1,2,1,1979,1997,0.00909550277918141,"viable"
0.8,1.5,0,1,2,1,1599,1550,-0.0306441525953721,"viable"
1,1.5,0,1,2,1,1058,949,-0.103024574669187,"declining"
1.2,1.5,0,1,2,1,360,322,-0.105555555555556,"declining"
0.6,3,0,1,2,1,1821,1794,-0.014827018121911,"viable"
0.8,3,0,1,2,1,1288,1259,-0.0225155279503106,"viable"
1,3,0,1,2,1,670,706,0.0537313432835821,"viable"
1.2,3,0,1,2,1,169,174,0.029585798816568,"viable"
0.6,6,0,1,2,1,877,819,-0.0661345496009122,"viable"
0.8,6,0,1,2,1,219,197,-0.100456621004566,"declining"
1,6,0,1,2,1,137,143,0.0437956204379562,"viable"
1.2,6,0,1,2,1,99,92,-0.0707070707070707,"viable"
0.6,1.5,0.75,1,2,1,1807,1774,-0.018262313226342,"viable"
0.8,1.5,0.75,1,2,1,1542,1542,0,"viable"
1,1.5,0.75,1,2,1,1149,1143,-0.00522193211488251,"viable"
1.2,1.5,0.75,1,2,1,506,585,0.156126482213439,"viable"
0.6,3,0.75,1,2,1,1723,1729,0.00348229831688915,"viable"
0.8,3,0.75,1,2,1,1252,1227,-0.0199680511182109,"viable"
1,3,0.75,1,2,1,798,803,0.006265664160401,"viable"
1.2,3,0.75,1,2,1,241,187,-0.224066390041494,"declining"
0.6,6,0.75,1,2,1,855,912,0.0666666666666667,"viable"
0.8,6,0.75,1,2,1,232,230,-0.00862068965517241,"viable"
1,6,0.75,1,2,1,108,110,0.0185185185185185,"viable"
1.2,6,0.75,1,2,1,67,59,-0.119402985074627,"declining"
0.6,1.5,0,2,2,1,1566,1600,0.0217113665389527,"viable"
0.8,1.5,0,2,2,1,1193,1166,-0.0226320201173512,"viable"
1,1.5,0,2,2,1,619,597,-0.0355411954765751,"viable"
1.2,1.5,0,2,2,1,252,144,-0.428571428571429,"declining"
0.6,3,0,2,2,1,1472,1449,-0.015625,"viable"
0.8,3,0,2,2,1,1032,1037,0.00484496124031008,"viable"
1,3,0,2,2,1,564,527,-0.0656028368794326,"viable"
1.2,3,0,2,2,0.888888888888889,171,106.5,-0.37719298245614,"declining"
0.6,6,0,2,2,1,745,653,-0.123489932885906,"declining"
0.8,6,0,2,2,1,206,167,-0.189320388349515,"declining"
1,6,0,2,2,1,82,83,0.0121951219512195,"viable"
1.2,6,0,2,2,0.555555555555556,68,57,-0.161764705882353,"non-viable"
0.6,1.5,0.75,2,2,1,1420,1472,0.0366197183098592,"viable"
0.8,1.5,0.75,2,2,1,1177,1150,-0.0229396771452846,"viable"
1,1.5,0.75,2,2,1,795,808,0.0163522012578616,"viable"
1.2,1.5,0.75,2,2,1,310,262,-0.154838709677419,"declining"
0.6,3,0.75,2,2,1,1487,1438,-0.0329522528581036,"viable"
0.8,3,0.75,2,2,1,1092,1063,-0.0265567765567766,"viable"
1,3,0.75,2,2,1,669,638,-0.0463378176382661,"viable"
1.2,3,0.75,2,2,0.888888888888889,145,153.5,0.0586206896551724,"viable"
0.6,6,0.75,2,2,1,711,745,0.0478199718706048,"viable"
0.8,6,0.75,2,2,1,210,178,-0.152380952380952,"declining"
1,6,0.75,2,2,1,73,33,-0.547945205479452,"non-viable"
1.2,6,0.75,2,2,0.142857142857143,34,55,0.617647058823529,"non-viable"
0.6,1.5,0,1,4,1,2173,2154,-0.0087436723423838,"viable"
0.8,1.5,0,1,4,1,1705,1677,-0.0164222873900293,"viable"
1,1.5,0,1,4,1,1100,1043,-0.0518181818181818,"viable"
1.2,1.5,0,1,4,1,489,335,-0.314928425357873,"declining"
0.6,3,0,1,4,1,1878,1831,-0.0250266240681576,"viable"
0.8,3,0,1,4,1,1344,1340,-0.00297619047619048,"viable"
1,3,0,1,4,1,722,645,-0.106648199445983,"declining"
1.2,3,0,1,4,1,179,158,-0.11731843575419,"declining"
0.6,6,0,1,4,1,877,914,0.0421892816419612,"viable"
0.8,6,0,1,4,1,243,220,-0.0946502057613169,"viable"
1,6,0,1,4,1,134,131,-0.0223880597014925,"viable"
1.2,6,0,1,4,1,109,108,-0.00917431192660551,"viable"
0.6,1.5,0.75,1,4,1,1964,2033,0.035132382892057,"viable"
0.8,1.5,0.75,1,4,1,1683,1684,0.0005941770647653,"viable"
1,1.5,0.75,1,4,1,1248,1268,0.016025641025641,"viable"
1.2,1.5,0.75,1,4,1,748,770,0.0294117647058824,"viable"
0.6,3,0.75,1,4,1,1791,1840,0.0273590173087661,"viable"
0.8,3,0.75,1,4,1,1387,1343,-0.0317231434751262,"viable"
1,3,0.75,1,4,1,875,909,0.0388571428571429,"viable"
1.2,3,0.75,1,4,1,247,252,0.0202429149797571,"viable"
0.6,6,0.75,1,4,1,938,969,0.0330490405117271,"viable"
0.8,6,0.75,1,4,1,328,276,-0.158536585365854,"declining"
1,6,0.75,1,4,1,120,119,-0.00833333333333333,"viable"
1.2,6,0.75,1,4,1,58,87,0.5,"viable"
0.6,1.5,0,2,4,1,2107,2065,-0.0199335548172757,"viable"
0.8,1.5,0,2,4,1,1610,1636,0.0161490683229814,"viable"
1,1.5,0,2,4,1,1112,1079,-0.0296762589928058,"viable"
1.2,1.5,0,2,4,1,467,366,-0.21627408993576,"declining"
0.6,3,0,2,4,1,1794,1837,0.0239687848383501,"viable"
0.8,3,0,2,4,1,1264,1268,0.00316455696202532,"viable"
1,3,0,2,4,1,733,709,-0.0327421555252387,"viable"
1.2,3,0,2,4,1,256,192,-0.25,"declining"
0.6,6,0,2,4,1,908,920,0.013215859030837,"viable"
0.8,6,0,2,4,1,297,281,-0.0538720538720539,"viable"
1,6,0,2,4,1,100,82,-0.18,"declining"
1.2,6,0,2,4,0.888888888888889,67,45,-0.328358208955224,"non-viable"
0.6,1.5,0.75,2,4,1,1951,1972,0.0107637109174782,"viable"
0.8,1.5,0.75,2,4,1,1575,1619,0.0279365079365079,"viable"
1,1.5,0.75,2,4,1,1211,1219,0.00660611065235343,"viable"
1.2,1.5,0.75,2,4,1,713,763,0.0701262272089762,"viable"
0.6,3,0.75,2,4,1,1735,1766,0.0178674351585014,"viable"
0.8,3,0.75,2,4,1,1346,1341,-0.0037147102526003,"viable"
1,3,0.75,2,4,1,827,824,-0.00362756952841596,"viable"
1.2,3,0.75,2,4,1,309,344,0.113268608414239,"viable"
0.6,6,0.75,2,4,1,934,926,-0.00856531049250535,"viable"
0.8,6,0.75,2,4,1,373,349,-0.064343163538874,"viable"
1,6,0.75,2,4,1,89,53,-0.404494382022472,"declining"
1.2,6,0.75,2,4,0.857142857142857,51,39.5,-0.225490196078431,"non-viable"
