,resistance,recovery
disp x mutsd,0.48021762186409367,13.816673570512787
slope x disp,19.702878455468245,12.47355691364894
mutsd x pert_treat,0.23770825940884321,9.407972219315168
slope x mutsd,0.23414014215181858,3.762750258670125
slope x ac,0.7033865692424325,2.2539101813278406
disp x pert_treat,7.316400947982847,1.6911003355418384
mutsd x ac,0.016539224121739318,1.389861261637147
slope x patch_sd,1.0462368035563923,1.250649319246916
patch_sd x ac,0.0853638187144539,1.2352743852437391
slope x pert_treat,1.686107727115456,0.48293835198828694
disp x ac,0.6028313285370547,0.4506427564519744
disp x patch_sd,0.2756962728224444,0.36408977995262604
mutsd x patch_sd,0.001707469125216385,0.2851195482939737
pert_treat x ac,0.16030024535156107,0.12961913721073964
pert_treat x patch_sd,0.08457597592291406,0.012818606163560935
