level,mean,se,factor,outcome
1.5,0.018646895555681886,0.0004774519573689777,dispersal,resistance
3.0,0.07941374075388977,0.0012882963768029339,dispersal,resistance
6.0,0.12093919876203289,0.0032746130454508315,dispersal,resistance
1.5,0.5068111994689284,0.027874281138172915,dispersal,recovery
3.0,0.6282968264865642,0.022535783816615293,dispersal,recovery
6.0,0.5642148679245858,0.02344286445622748,dispersal,recovery
1.5,0.24359999999999998,0.008317517990821432,dispersal,persistence
3.0,0.7643809523809526,0.010658827637366494,dispersal,persistence
6.0,0.4955872982149433,0.0289310303099029,dispersal,persistence
0.6,0.07729132491367978,0.004063742417667088,slope,resistance
0.8,0.06937839492601194,0.0029894346034816657,slope,resistance
1.0,0.06802012677204629,0.00337437489050789,slope,resistance
0.6,0.6628001796019628,0.025315356490537413,slope,recovery
0.8,0.5338313810653156,0.022824953938611788,slope,recovery
1.0,0.495597446675399,0.025229666893895882,slope,recovery
0.6,0.5936190476190477,0.024479009530265102,slope,persistence
0.8,0.5001904761904762,0.020699100873324307,slope,persistence
1.0,0.4160789545336584,0.024254894718534037,slope,persistence
0.0,0.06477393055803994,0.0027583580998575188,mutation,resistance
0.75,0.07822939608932504,0.0029410210481627813,mutation,resistance
0.0,0.25303115021209904,0.007585542876228118,mutation,recovery
0.75,0.8592476630026669,0.011696729676806657,mutation,recovery
0.0,0.4554314241825763,0.01984646576346113,mutation,persistence
0.75,0.5562349332375893,0.018362556149118425,mutation,persistence
0.0,0.0755868594494136,0.005830232206764267,autocorrelation,resistance
2.0,0.07467510362181631,0.005231945705534745,autocorrelation,resistance
4.0,0.06796486438956673,0.005593226299095583,autocorrelation,resistance
0.0,0.5160555482724015,0.036679409216298635,autocorrelation,recovery
2.0,0.5749476023743725,0.040451911995287006,autocorrelation,recovery
4.0,0.5768708072619535,0.03845388458268692,autocorrelation,recovery
0.0,0.4666943310657597,0.04143742205965023,autocorrelation,persistence
2.0,0.5634813478236823,0.03488227650314295,autocorrelation,persistence
4.0,0.5313333333333333,0.03560506072966379,autocorrelation,persistence
