slope,disp,mutsd,patch_sd,ac,surv,n800,n1500,trend,klass
0.6,1.5,0.0,0,0,1.0,2183.0,2151.0,-0.014658726523133303,viable
0.6,1.5,0.0,1,0,1.0,1818.0,1790.0,-0.015401540154015401,viable
0.6,1.5,0.0,1,2,1.0,1979.0,1997.0,0.009095502779181405,viable
0.6,1.5,0.0,1,4,1.0,2173.0,2154.0,-0.008743672342383801,viable
0.6,1.5,0.0,2,0,1.0,829.0,809.0,-0.024125452352231604,viable
0.6,1.5,0.0,2,2,1.0,1566.0,1600.0,0.021711366538952746,viable
0.6,1.5,0.0,2,4,1.0,2107.0,2065.0,-0.019933554817275746,viable
0.6,1.5,0.75,0,0,1.0,1985.0,1998.0,0.00654911838790932,viable
0.6,1.5,0.75,1,0,1.0,1675.0,1637.0,-0.022686567164179106,viable
0.6,1.5,0.75,1,2,1.0,1807.0,1774.0,-0.018262313226342003,viable
0.6,1.5,0.75,1,4,1.0,1964.0,2033.0,0.03513238289205703,viable
0.6,1.5,0.75,2,0,1.0,831.0,836.0,0.006016847172081829,viable
0.6,1.5,0.75,2,2,1.0,1420.0,1472.0,0.036619718309859155,viable
0.6,1.5,0.75,2,4,1.0,1951.0,1972.0,0.010763710917478216,viable
0.6,3.0,0.0,0,0,1.0,1947.0,1858.0,-0.04571135079609656,viable
0.6,3.0,0.0,1,0,1.0,1649.0,1662.0,0.007883565797453002,viable
0.6,3.0,0.0,1,2,1.0,1821.0,1794.0,-0.014827018121911038,viable
0.6,3.0,0.0,1,4,1.0,1878.0,1831.0,-0.025026624068157616,viable
0.6,3.0,0.0,2,0,1.0,1110.0,1161.0,0.04594594594594595,viable
0.6,3.0,0.0,2,2,1.0,1472.0,1449.0,-0.015625,viable
0.6,3.0,0.0,2,4,1.0,1794.0,1837.0,0.023968784838350056,viable
0.6,3.0,0.75,0,0,1.0,1807.0,1836.0,0.016048699501936912,viable
0.6,3.0,0.75,1,0,1.0,1580.0,1588.0,0.005063291139240506,viable
0.6,3.0,0.75,1,2,1.0,1723.0,1729.0,0.003482298316889147,viable
0.6,3.0,0.75,1,4,1.0,1791.0,1840.0,0.027359017308766054,viable
0.6,3.0,0.75,2,0,1.0,1151.0,1107.0,-0.038227628149435276,viable
0.6,3.0,0.75,2,2,1.0,1487.0,1438.0,-0.03295225285810356,viable
0.6,3.0,0.75,2,4,1.0,1735.0,1766.0,0.017867435158501442,viable
0.6,6.0,0.0,0,0,1.0,916.0,918.0,0.002183406113537118,viable
0.6,6.0,0.0,1,0,1.0,815.0,772.0,-0.05276073619631902,viable
0.6,6.0,0.0,1,2,1.0,877.0,819.0,-0.0661345496009122,viable
0.6,6.0,0.0,1,4,1.0,877.0,914.0,0.04218928164196123,viable
0.6,6.0,0.0,2,0,1.0,517.0,481.0,-0.06963249516441006,viable
0.6,6.0,0.0,2,2,1.0,745.0,653.0,-0.12348993288590604,declining
0.6,6.0,0.0,2,4,1.0,908.0,920.0,0.013215859030837005,viable
0.6,6.0,0.75,0,0,1.0,884.0,945.0,0.06900452488687783,viable
0.6,6.0,0.75,1,0,1.0,817.0,822.0,0.006119951040391677,viable
0.6,6.0,0.75,1,2,1.0,855.0,912.0,0.06666666666666667,viable
0.6,6.0,0.75,1,4,1.0,938.0,969.0,0.03304904051172708,viable
0.6,6.0,0.75,2,0,1.0,501.0,530.0,0.05788423153692615,viable
0.6,6.0,0.75,2,2,1.0,711.0,745.0,0.04781997187060478,viable
0.6,6.0,0.75,2,4,1.0,934.0,926.0,-0.008565310492505354,viable
0.8,1.5,0.0,0,0,1.0,1722.0,1723.0,0.0005807200929152149,viable
0.8,1.5,0.0,1,0,1.0,1331.0,1368.0,0.02779864763335838,viable
0.8,1.5,0.0,1,2,1.0,1599.0,1550.0,-0.030644152595372107,viable
0.8,1.5,0.0,1,4,1.0,1705.0,1677.0,-0.016422287390029325,viable
0.8,1.5,0.0,2,0,1.0,348.0,225.0,-0.35344827586206895,declining
0.8,1.5,0.0,2,2,1.0,1193.0,1166.0,-0.022632020117351215,viable
0.8,1.5,0.0,2,4,1.0,1610.0,1636.0,0.016149068322981366,viable
0.8,1.5,0.75,0,0,1.0,1656.0,1672.0,0.00966183574879227,viable
0.8,1.5,0.75,1,0,1.0,1332.0,1311.0,-0.015765765765765764,viable
0.8,1.5,0.75,1,2,1.0,1542.0,1542.0,0.0,viable
0.8,1.5,0.75,1,4,1.0,1683.0,1684.0,0.0005941770647653001,viable
0.8,1.5,0.75,2,0,1.0,358.0,410.0,0.1452513966480447,viable
0.8,1.5,0.75,2,2,1.0,1177.0,1150.0,-0.022939677145284623,viable
0.8,1.5,0.75,2,4,1.0,1575.0,1619.0,0.027936507936507936,viable
0.8,3.0,0.0,0,0,1.0,1336.0,1327.0,-0.006736526946107785,viable
0.8,3.0,0.0,1,0,1.0,1140.0,1134.0,-0.005263157894736842,viable
0.8,3.0,0.0,1,2,1.0,1288.0,1259.0,-0.02251552795031056,viable
0.8,3.0,0.0,1,4,1.0,1344.0,1340.0,-0.002976190476190476,viable
0.8,3.0,0.0,2,0,1.0,666.0,587.0,-0.11861861861861862,declining
0.8,3.0,0.0,2,2,1.0,1032.0,1037.0,0.0048449612403100775,viable
0.8,3.0,0.0,2,4,1.0,1264.0,1268.0,0.0031645569620253164,viable
0.8,3.0,0.75,0,0,1.0,1338.0,1344.0,0.004484304932735426,viable
0.8,3.0,0.75,1,0,1.0,1204.0,1173.0,-0.02574750830564784,viable
0.8,3.0,0.75,1,2,1.0,1252.0,1227.0,-0.019968051118210862,viable
0.8,3.0,0.75,1,4,1.0,1387.0,1343.0,-0.03172314347512617,viable
0.8,3.0,0.75,2,0,1.0,783.0,756.0,-0.034482758620689655,viable
0.8,3.0,0.75,2,2,1.0,1092.0,1063.0,-0.026556776556776556,viable
0.8,3.0,0.75,2,4,1.0,1346.0,1341.0,-0.003714710252600297,viable
0.8,6.0,0.0,0,0,1.0,214.0,208.0,-0.028037383177570093,viable
0.8,6.0,0.0,1,0,1.0,183.0,181.0,-0.01092896174863388,viable
0.8,6.0,0.0,1,2,1.0,219.0,197.0,-0.1004566210045662,declining
0.8,6.0,0.0,1,4,1.0,243.0,220.0,-0.09465020576131687,viable
0.8,6.0,0.0,2,0,1.0,156.0,139.0,-0.10897435897435898,declining
0.8,6.0,0.0,2,2,1.0,206.0,167.0,-0.18932038834951456,declining
0.8,6.0,0.0,2,4,1.0,297.0,281.0,-0.05387205387205387,viable
0.8,6.0,0.75,0,0,1.0,207.0,220.0,0.06280193236714976,viable
0.8,6.0,0.75,1,0,1.0,163.0,158.0,-0.03067484662576687,viable
0.8,6.0,0.75,1,2,1.0,232.0,230.0,-0.008620689655172414,viable
0.8,6.0,0.75,1,4,1.0,328.0,276.0,-0.15853658536585366,declining
0.8,6.0,0.75,2,0,1.0,134.0,117.0,-0.12686567164179105,declining
0.8,6.0,0.75,2,2,1.0,210.0,178.0,-0.1523809523809524,declining
0.8,6.0,0.75,2,4,1.0,373.0,349.0,-0.064343163538874,viable
1.0,1.5,0.0,0,0,1.0,1189.0,1139.0,-0.04205214465937763,viable
1.0,1.5,0.0,1,0,1.0,799.0,691.0,-0.13516896120150187,declining
1.0,1.5,0.0,1,2,1.0,1058.0,949.0,-0.10302457466918714,declining
1.0,1.5,0.0,1,4,1.0,1100.0,1043.0,-0.05181818181818182,viable
1.0,1.5,0.0,2,0,0.3333333333333333,36.5,42.0,0.1506849315068493,non-viable
1.0,1.5,0.0,2,2,1.0,619.0,597.0,-0.035541195476575124,viable
1.0,1.5,0.0,2,4,1.0,1112.0,1079.0,-0.029676258992805755,viable
1.0,1.5,0.75,0,0,1.0,1254.0,1249.0,-0.003987240829346092,viable
1.0,1.5,0.75,1,0,1.0,905.0,897.0,-0.008839779005524863,viable
1.0,1.5,0.75,1,2,1.0,1149.0,1143.0,-0.005221932114882507,viable
1.0,1.5,0.75,1,4,1.0,1248.0,1268.0,0.016025641025641024,viable
1.0,1.5,0.75,2,0,0.1111111111111111,12.0,11.0,-0.08333333333333333,non-viable
1.0,1.5,0.75,2,2,1.0,795.0,808.0,0.016352201257861635,viable
1.0,1.5,0.75,2,4,1.0,1211.0,1219.0,0.006606110652353427,viable
1.0,3.0,0.0,0,0,1.0,741.0,692.0,-0.06612685560053981,viable
1.0,3.0,0.0,1,0,1.0,603.0,521.0,-0.13598673300165837,declining
1.0,3.0,0.0,1,2,1.0,670.0,706.0,0.05373134328358209,viable
1.0,3.0,0.0,1,4,1.0,722.0,645.0,-0.10664819944598337,declining
1.0,3.0,0.0,2,0,1.0,169.0,162.0,-0.04142011834319527,viable
1.0,3.0,0.0,2,2,1.0,564.0,527.0,-0.06560283687943262,viable
1.0,3.0,0.0,2,4,1.0,733.0,709.0,-0.03274215552523874,viable
1.0,3.0,0.75,0,0,1.0,901.0,873.0,-0.03107658157602664,viable
1.0,3.0,0.75,1,0,1.0,708.0,705.0,-0.00423728813559322,viable
1.0,3.0,0.75,1,2,1.0,798.0,803.0,0.006265664160401002,viable
1.0,3.0,0.75,1,4,1.0,875.0,909.0,0.038857142857142854,viable
1.0,3.0,0.75,2,0,1.0,151.0,180.0,0.19205298013245034,viable
1.0,3.0,0.75,2,2,1.0,669.0,638.0,-0.04633781763826607,viable
1.0,3.0,0.75,2,4,1.0,827.0,824.0,-0.0036275695284159614,viable
1.0,6.0,0.0,0,0,1.0,153.0,159.0,0.0392156862745098,viable
1.0,6.0,0.0,1,0,1.0,138.0,141.0,0.021739130434782608,viable
1.0,6.0,0.0,1,2,1.0,137.0,143.0,0.043795620437956206,viable
1.0,6.0,0.0,1,4,1.0,134.0,131.0,-0.022388059701492536,viable
1.0,6.0,0.0,2,0,1.0,78.0,78.0,0.0,viable
1.0,6.0,0.0,2,2,1.0,82.0,83.0,0.012195121951219513,viable
1.0,6.0,0.0,2,4,1.0,100.0,82.0,-0.18,declining
1.0,6.0,0.75,0,0,1.0,116.0,148.0,0.27586206896551724,viable
1.0,6.0,0.75,1,0,1.0,91.0,90.0,-0.01098901098901099,viable
1.0,6.0,0.75,1,2,1.0,108.0,110.0,0.018518518518518517,viable
1.0,6.0,0.75,1,4,1.0,120.0,119.0,-0.008333333333333333,viable
1.0,6.0,0.75,2,0,0.3333333333333333,26.0,13.5,-0.4807692307692308,non-viable
1.0,6.0,0.75,2,2,1.0,73.0,33.0,-0.547945205479452,non-viable
1.0,6.0,0.75,2,4,1.0,89.0,53.0,-0.4044943820224719,declining
1.2,1.5,0.0,0,0,1.0,405.0,270.0,-0.3333333333333333,declining
1.2,1.5,0.0,1,0,0.8888888888888888,150.0,102.0,-0.32,declining
1.2,1.5,0.0,1,2,1.0,360.0,322.0,-0.10555555555555556,declining
1.2,1.5,0.0,1,4,1.0,489.0,335.0,-0.3149284253578732,declining
1.2,1.5,0.0,2,0,0.0,2.0,,,non-viable
1.2,1.5,0.0,2,2,1.0,252.0,144.0,-0.42857142857142855,declining
1.2,1.5,0.0,2,4,1.0,467.0,366.0,-0.21627408993576017,declining
1.2,1.5,0.75,0,0,1.0,689.0,746.0,0.08272859216255443,viable
1.2,1.5,0.75,1,0,1.0,248.0,183.0,-0.2620967741935484,declining
1.2,1.5,0.75,1,2,1.0,506.0,585.0,0.15612648221343872,viable
1.2,1.5,0.75,1,4,1.0,748.0,770.0,0.029411764705882353,viable
1.2,1.5,0.75,2,0,0.0,12.0,,,non-viable
1.2,1.5,0.75,2,2,1.0,310.0,262.0,-0.15483870967741936,declining
1.2,1.5,0.75,2,4,1.0,713.0,763.0,0.07012622720897616,viable
1.2,3.0,0.0,0,0,1.0,170.0,167.0,-0.01764705882352941,viable
1.2,3.0,0.0,1,0,1.0,153.0,149.0,-0.026143790849673203,viable
1.2,3.0,0.0,1,2,1.0,169.0,174.0,0.029585798816568046,viable
1.2,3.0,0.0,1,4,1.0,179.0,158.0,-0.11731843575418995,declining
1.2,3.0,0.0,2,0,0.7777777777777778,62.0,55.0,-0.11290322580645161,non-viable
1.2,3.0,0.0,2,2,0.8888888888888888,171.0,106.5,-0.37719298245614036,declining
1.2,3.0,0.0,2,4,1.0,256.0,192.0,-0.25,declining
1.2,3.0,0.75,0,0,1.0,227.0,189.0,-0.16740088105726872,declining
1.2,3.0,0.75,1,0,1.0,118.0,132.0,0.11864406779661017,viable
1.2,3.0,0.75,1,2,1.0,241.0,187.0,-0.22406639004149378,declining
1.2,3.0,0.75,1,4,1.0,247.0,252.0,0.020242914979757085,viable
1.2,3.0,0.75,2,0,0.3333333333333333,31.0,40.0,0.2903225806451613,non-viable
1.2,3.0,0.75,2,2,0.8888888888888888,145.0,153.5,0.05862068965517241,viable
1.2,3.0,0.75,2,4,1.0,309.0,344.0,0.11326860841423948,viable
1.2,6.0,0.0,0,0,1.0,110.0,115.0,0.045454545454545456,viable
1.2,6.0,0.0,1,0,1.0,113.0,104.0,-0.07964601769911504,viable
1.2,6.0,0.0,1,2,1.0,99.0,92.0,-0.0707070707070707,viable
1.2,6.0,0.0,1,4,1.0,109.0,108.0,-0.009174311926605505,viable
1.2,6.0,0.0,2,0,0.625,53.0,42.0,-0.20754716981132076,non-viable
1.2,6.0,0.0,2,2,0.5555555555555556,68.0,57.0,-0.16176470588235295,non-viable
1.2,6.0,0.0,2,4,0.8888888888888888,67.0,45.0,-0.3283582089552239,non-viable
1.2,6.0,0.75,0,0,1.0,93.0,79.0,-0.15053763440860216,declining
1.2,6.0,0.75,1,0,0.5555555555555556,46.0,47.5,0.03260869565217391,non-viable
1.2,6.0,0.75,1,2,1.0,67.0,59.0,-0.11940298507462686,declining
1.2,6.0,0.75,1,4,1.0,58.0,87.0,0.5,viable
1.2,6.0,0.75,2,0,0.14285714285714285,28.0,28.0,0.0,non-viable
1.2,6.0,0.75,2,2,0.14285714285714285,34.0,55.0,0.6176470588235294,non-viable
1.2,6.0,0.75,2,4,0.8571428571428571,51.0,39.5,-0.22549019607843138,non-viable
